Year,Period,Estimate,Standard Error
2003,Annual,3.28,0.022
2004,Annual,3.28,0.026
2005,Annual,3.23,0.033
2006,Annual,3.24,0.032
2007,Annual,3.3,0.034
2008,Annual,3.43,0.037
2009,Annual,3.45,0.034
2010,Annual,3.44,0.034
2011,Annual,3.51,0.03
2012,Annual,3.54,0.033
2013,Annual,3.49,0.034
2014,Annual,3.53,0.043
2015,Annual,3.48,0.036
2016,Annual,3.45,0.037
2017,Annual,3.56,0.037
2018,Annual,3.63,0.041
2019,Annual,3.61,0.041
2020,Annual,,
2021,Annual,3.66,0.039
2022,Annual,3.65,0.041
2023,Annual,3.62,0.042
2024,Annual,3.57,0.046
2025,Annual,3.51,0.051
